{"name":"SSLServiceOne","classpathEntries":[{"kind":"binary","path":"/usr/lib/jvm/java-8-openjdk-amd64/jre/lib/resources.jar","javadocContainerUrl":"https://docs.oracle.com/javase/1/docs/api/","isSystem":true,"isOwn":false,"isTest":false,"isJavaContent":false},{"kind":"binary","path":"/usr/lib/jvm/java-8-openjdk-amd64/jre/lib/rt.jar","javadocContainerUrl":"https://docs.oracle.com/javase/1/docs/api/","isSystem":true,"isOwn":false,"isTest":false,"isJavaContent":false},{"kind":"binary","path":"/usr/lib/jvm/java-8-openjdk-amd64/jre/lib/jsse.jar","javadocContainerUrl":"https://docs.oracle.com/javase/1/docs/api/","isSystem":true,"isOwn":false,"isTest":false,"isJavaContent":false},{"kind":"binary","path":"/usr/lib/jvm/java-8-openjdk-amd64/jre/lib/jce.jar","javadocContainerUrl":"https://docs.oracle.com/javase/1/docs/api/","isSystem":true,"isOwn":false,"isTest":false,"isJavaContent":false},{"kind":"binary","path":"/usr/lib/jvm/java-8-openjdk-amd64/jre/lib/charsets.jar","javadocContainerUrl":"https://docs.oracle.com/javase/1/docs/api/","isSystem":true,"isOwn":false,"isTest":false,"isJavaContent":false},{"kind":"binary","path":"/home/aswindia-23/.m2/repository/org/springframework/boot/spring-boot-starter-web/2.2.1.RELEASE/spring-boot-starter-web-2.2.1.RELEASE.jar","sourceContainerUrl":"file:/home/aswindia-23/.m2/repository/org/springframework/boot/spring-boot-starter-web/2.2.1.RELEASE/spring-boot-starter-web-2.2.1.RELEASE-sources.jar","isSystem":false,"isOwn":false,"isTest":false,"isJavaContent":false},{"kind":"binary","path":"/home/aswindia-23/.m2/repository/org/springframework/boot/spring-boot-starter/2.2.1.RELEASE/spring-boot-starter-2.2.1.RELEASE.jar","sourceContainerUrl":"file:/home/aswindia-23/.m2/repository/org/springframework/boot/spring-boot-starter/2.2.1.RELEASE/spring-boot-starter-2.2.1.RELEASE-sources.jar","isSystem":false,"isOwn":false,"isTest":false,"isJavaContent":false},{"kind":"binary","path":"/home/aswindia-23/.m2/repository/org/springframework/boot/spring-boot/2.2.1.RELEASE/spring-boot-2.2.1.RELEASE.jar","sourceContainerUrl":"file:/home/aswindia-23/.m2/repository/org/springframework/boot/spring-boot/2.2.1.RELEASE/spring-boot-2.2.1.RELEASE-sources.jar","javadocContainerUrl":"file:/home/aswindia-23/.m2/repository/org/springframework/boot/spring-boot/2.2.1.RELEASE/spring-boot-2.2.1.RELEASE-javadoc.jar","isSystem":false,"isOwn":false,"isTest":false,"isJavaContent":false},{"kind":"binary","path":"/home/aswindia-23/.m2/repository/org/springframework/boot/spring-boot-autoconfigure/2.2.1.RELEASE/spring-boot-autoconfigure-2.2.1.RELEASE.jar","sourceContainerUrl":"file:/home/aswindia-23/.m2/repository/org/springframework/boot/spring-boot-autoconfigure/2.2.1.RELEASE/spring-boot-autoconfigure-2.2.1.RELEASE-sources.jar","javadocContainerUrl":"file:/home/aswindia-23/.m2/repository/org/springframework/boot/spring-boot-autoconfigure/2.2.1.RELEASE/spring-boot-autoconfigure-2.2.1.RELEASE-javadoc.jar","isSystem":false,"isOwn":false,"isTest":false,"isJavaContent":false},{"kind":"binary","path":"/home/aswindia-23/.m2/repository/org/springframework/boot/spring-boot-starter-logging/2.2.1.RELEASE/spring-boot-starter-logging-2.2.1.RELEASE.jar","sourceContainerUrl":"file:/home/aswindia-23/.m2/repository/org/springframework/boot/spring-boot-starter-logging/2.2.1.RELEASE/spring-boot-starter-logging-2.2.1.RELEASE-sources.jar","isSystem":false,"isOwn":false,"isTest":false,"isJavaContent":false},{"kind":"binary","path":"/home/aswindia-23/.m2/repository/ch/qos/logback/logback-classic/1.2.3/logback-classic-1.2.3.jar","sourceContainerUrl":"file:/home/aswindia-23/.m2/repository/ch/qos/logback/logback-classic/1.2.3/logback-classic-1.2.3-sources.jar","javadocContainerUrl":"file:/home/aswindia-23/.m2/repository/ch/qos/logback/logback-classic/1.2.3/logback-classic-1.2.3-javadoc.jar","isSystem":false,"isOwn":false,"isTest":false,"isJavaContent":false},{"kind":"binary","path":"/home/aswindia-23/.m2/repository/ch/qos/logback/logback-core/1.2.3/logback-core-1.2.3.jar","sourceContainerUrl":"file:/home/aswindia-23/.m2/repository/ch/qos/logback/logback-core/1.2.3/logback-core-1.2.3-sources.jar","javadocContainerUrl":"file:/home/aswindia-23/.m2/repository/ch/qos/logback/logback-core/1.2.3/logback-core-1.2.3-javadoc.jar","isSystem":false,"isOwn":false,"isTest":false,"isJavaContent":false},{"kind":"binary","path":"/home/aswindia-23/.m2/repository/org/apache/logging/log4j/log4j-to-slf4j/2.12.1/log4j-to-slf4j-2.12.1.jar","sourceContainerUrl":"file:/home/aswindia-23/.m2/repository/org/apache/logging/log4j/log4j-to-slf4j/2.12.1/log4j-to-slf4j-2.12.1-sources.jar","javadocContainerUrl":"file:/home/aswindia-23/.m2/repository/org/apache/logging/log4j/log4j-to-slf4j/2.12.1/log4j-to-slf4j-2.12.1-javadoc.jar","isSystem":false,"isOwn":false,"isTest":false,"isJavaContent":false},{"kind":"binary","path":"/home/aswindia-23/.m2/repository/org/apache/logging/log4j/log4j-api/2.12.1/log4j-api-2.12.1.jar","sourceContainerUrl":"file:/home/aswindia-23/.m2/repository/org/apache/logging/log4j/log4j-api/2.12.1/log4j-api-2.12.1-sources.jar","javadocContainerUrl":"file:/home/aswindia-23/.m2/repository/org/apache/logging/log4j/log4j-api/2.12.1/log4j-api-2.12.1-javadoc.jar","isSystem":false,"isOwn":false,"isTest":false,"isJavaContent":false},{"kind":"binary","path":"/home/aswindia-23/.m2/repository/org/slf4j/jul-to-slf4j/1.7.29/jul-to-slf4j-1.7.29.jar","sourceContainerUrl":"file:/home/aswindia-23/.m2/repository/org/slf4j/jul-to-slf4j/1.7.29/jul-to-slf4j-1.7.29-sources.jar","javadocContainerUrl":"file:/home/aswindia-23/.m2/repository/org/slf4j/jul-to-slf4j/1.7.29/jul-to-slf4j-1.7.29-javadoc.jar","isSystem":false,"isOwn":false,"isTest":false,"isJavaContent":false},{"kind":"binary","path":"/home/aswindia-23/.m2/repository/jakarta/annotation/jakarta.annotation-api/1.3.5/jakarta.annotation-api-1.3.5.jar","sourceContainerUrl":"file:/home/aswindia-23/.m2/repository/jakarta/annotation/jakarta.annotation-api/1.3.5/jakarta.annotation-api-1.3.5-sources.jar","javadocContainerUrl":"file:/home/aswindia-23/.m2/repository/jakarta/annotation/jakarta.annotation-api/1.3.5/jakarta.annotation-api-1.3.5-javadoc.jar","isSystem":false,"isOwn":false,"isTest":false,"isJavaContent":false},{"kind":"binary","path":"/home/aswindia-23/.m2/repository/org/yaml/snakeyaml/1.25/snakeyaml-1.25.jar","sourceContainerUrl":"file:/home/aswindia-23/.m2/repository/org/yaml/snakeyaml/1.25/snakeyaml-1.25-sources.jar","javadocContainerUrl":"file:/home/aswindia-23/.m2/repository/org/yaml/snakeyaml/1.25/snakeyaml-1.25-javadoc.jar","isSystem":false,"isOwn":false,"isTest":false,"isJavaContent":false},{"kind":"binary","path":"/home/aswindia-23/.m2/repository/org/springframework/boot/spring-boot-starter-json/2.2.1.RELEASE/spring-boot-starter-json-2.2.1.RELEASE.jar","sourceContainerUrl":"file:/home/aswindia-23/.m2/repository/org/springframework/boot/spring-boot-starter-json/2.2.1.RELEASE/spring-boot-starter-json-2.2.1.RELEASE-sources.jar","isSystem":false,"isOwn":false,"isTest":false,"isJavaContent":false},{"kind":"binary","path":"/home/aswindia-23/.m2/repository/com/fasterxml/jackson/core/jackson-databind/2.10.0/jackson-databind-2.10.0.jar","sourceContainerUrl":"file:/home/aswindia-23/.m2/repository/com/fasterxml/jackson/core/jackson-databind/2.10.0/jackson-databind-2.10.0-sources.jar","javadocContainerUrl":"file:/home/aswindia-23/.m2/repository/com/fasterxml/jackson/core/jackson-databind/2.10.0/jackson-databind-2.10.0-javadoc.jar","isSystem":false,"isOwn":false,"isTest":false,"isJavaContent":false},{"kind":"binary","path":"/home/aswindia-23/.m2/repository/com/fasterxml/jackson/core/jackson-annotations/2.10.0/jackson-annotations-2.10.0.jar","sourceContainerUrl":"file:/home/aswindia-23/.m2/repository/com/fasterxml/jackson/core/jackson-annotations/2.10.0/jackson-annotations-2.10.0-sources.jar","javadocContainerUrl":"file:/home/aswindia-23/.m2/repository/com/fasterxml/jackson/core/jackson-annotations/2.10.0/jackson-annotations-2.10.0-javadoc.jar","isSystem":false,"isOwn":false,"isTest":false,"isJavaContent":false},{"kind":"binary","path":"/home/aswindia-23/.m2/repository/com/fasterxml/jackson/core/jackson-core/2.10.0/jackson-core-2.10.0.jar","sourceContainerUrl":"file:/home/aswindia-23/.m2/repository/com/fasterxml/jackson/core/jackson-core/2.10.0/jackson-core-2.10.0-sources.jar","javadocContainerUrl":"file:/home/aswindia-23/.m2/repository/com/fasterxml/jackson/core/jackson-core/2.10.0/jackson-core-2.10.0-javadoc.jar","isSystem":false,"isOwn":false,"isTest":false,"isJavaContent":false},{"kind":"binary","path":"/home/aswindia-23/.m2/repository/com/fasterxml/jackson/datatype/jackson-datatype-jdk8/2.10.0/jackson-datatype-jdk8-2.10.0.jar","sourceContainerUrl":"file:/home/aswindia-23/.m2/repository/com/fasterxml/jackson/datatype/jackson-datatype-jdk8/2.10.0/jackson-datatype-jdk8-2.10.0-sources.jar","javadocContainerUrl":"file:/home/aswindia-23/.m2/repository/com/fasterxml/jackson/datatype/jackson-datatype-jdk8/2.10.0/jackson-datatype-jdk8-2.10.0-javadoc.jar","isSystem":false,"isOwn":false,"isTest":false,"isJavaContent":false},{"kind":"binary","path":"/home/aswindia-23/.m2/repository/com/fasterxml/jackson/datatype/jackson-datatype-jsr310/2.10.0/jackson-datatype-jsr310-2.10.0.jar","sourceContainerUrl":"file:/home/aswindia-23/.m2/repository/com/fasterxml/jackson/datatype/jackson-datatype-jsr310/2.10.0/jackson-datatype-jsr310-2.10.0-sources.jar","javadocContainerUrl":"file:/home/aswindia-23/.m2/repository/com/fasterxml/jackson/datatype/jackson-datatype-jsr310/2.10.0/jackson-datatype-jsr310-2.10.0-javadoc.jar","isSystem":false,"isOwn":false,"isTest":false,"isJavaContent":false},{"kind":"binary","path":"/home/aswindia-23/.m2/repository/com/fasterxml/jackson/module/jackson-module-parameter-names/2.10.0/jackson-module-parameter-names-2.10.0.jar","sourceContainerUrl":"file:/home/aswindia-23/.m2/repository/com/fasterxml/jackson/module/jackson-module-parameter-names/2.10.0/jackson-module-parameter-names-2.10.0-sources.jar","javadocContainerUrl":"file:/home/aswindia-23/.m2/repository/com/fasterxml/jackson/module/jackson-module-parameter-names/2.10.0/jackson-module-parameter-names-2.10.0-javadoc.jar","isSystem":false,"isOwn":false,"isTest":false,"isJavaContent":false},{"kind":"binary","path":"/home/aswindia-23/.m2/repository/org/springframework/boot/spring-boot-starter-tomcat/2.2.1.RELEASE/spring-boot-starter-tomcat-2.2.1.RELEASE.jar","sourceContainerUrl":"file:/home/aswindia-23/.m2/repository/org/springframework/boot/spring-boot-starter-tomcat/2.2.1.RELEASE/spring-boot-starter-tomcat-2.2.1.RELEASE-sources.jar","isSystem":false,"isOwn":false,"isTest":false,"isJavaContent":false},{"kind":"binary","path":"/home/aswindia-23/.m2/repository/org/apache/tomcat/embed/tomcat-embed-core/9.0.27/tomcat-embed-core-9.0.27.jar","sourceContainerUrl":"file:/home/aswindia-23/.m2/repository/org/apache/tomcat/embed/tomcat-embed-core/9.0.27/tomcat-embed-core-9.0.27-sources.jar","isSystem":false,"isOwn":false,"isTest":false,"isJavaContent":false},{"kind":"binary","path":"/home/aswindia-23/.m2/repository/org/apache/tomcat/embed/tomcat-embed-el/9.0.27/tomcat-embed-el-9.0.27.jar","sourceContainerUrl":"file:/home/aswindia-23/.m2/repository/org/apache/tomcat/embed/tomcat-embed-el/9.0.27/tomcat-embed-el-9.0.27-sources.jar","isSystem":false,"isOwn":false,"isTest":false,"isJavaContent":false},{"kind":"binary","path":"/home/aswindia-23/.m2/repository/org/apache/tomcat/embed/tomcat-embed-websocket/9.0.27/tomcat-embed-websocket-9.0.27.jar","sourceContainerUrl":"file:/home/aswindia-23/.m2/repository/org/apache/tomcat/embed/tomcat-embed-websocket/9.0.27/tomcat-embed-websocket-9.0.27-sources.jar","isSystem":false,"isOwn":false,"isTest":false,"isJavaContent":false},{"kind":"binary","path":"/home/aswindia-23/.m2/repository/org/springframework/boot/spring-boot-starter-validation/2.2.1.RELEASE/spring-boot-starter-validation-2.2.1.RELEASE.jar","sourceContainerUrl":"file:/home/aswindia-23/.m2/repository/org/springframework/boot/spring-boot-starter-validation/2.2.1.RELEASE/spring-boot-starter-validation-2.2.1.RELEASE-sources.jar","isSystem":false,"isOwn":false,"isTest":false,"isJavaContent":false},{"kind":"binary","path":"/home/aswindia-23/.m2/repository/jakarta/validation/jakarta.validation-api/2.0.1/jakarta.validation-api-2.0.1.jar","sourceContainerUrl":"file:/home/aswindia-23/.m2/repository/jakarta/validation/jakarta.validation-api/2.0.1/jakarta.validation-api-2.0.1-sources.jar","javadocContainerUrl":"file:/home/aswindia-23/.m2/repository/jakarta/validation/jakarta.validation-api/2.0.1/jakarta.validation-api-2.0.1-javadoc.jar","isSystem":false,"isOwn":false,"isTest":false,"isJavaContent":false},{"kind":"binary","path":"/home/aswindia-23/.m2/repository/org/hibernate/validator/hibernate-validator/6.0.18.Final/hibernate-validator-6.0.18.Final.jar","sourceContainerUrl":"file:/home/aswindia-23/.m2/repository/org/hibernate/validator/hibernate-validator/6.0.18.Final/hibernate-validator-6.0.18.Final-sources.jar","isSystem":false,"isOwn":false,"isTest":false,"isJavaContent":false},{"kind":"binary","path":"/home/aswindia-23/.m2/repository/org/jboss/logging/jboss-logging/3.4.1.Final/jboss-logging-3.4.1.Final.jar","sourceContainerUrl":"file:/home/aswindia-23/.m2/repository/org/jboss/logging/jboss-logging/3.4.1.Final/jboss-logging-3.4.1.Final-sources.jar","javadocContainerUrl":"file:/home/aswindia-23/.m2/repository/org/jboss/logging/jboss-logging/3.4.1.Final/jboss-logging-3.4.1.Final-javadoc.jar","isSystem":false,"isOwn":false,"isTest":false,"isJavaContent":false},{"kind":"binary","path":"/home/aswindia-23/.m2/repository/com/fasterxml/classmate/1.5.1/classmate-1.5.1.jar","sourceContainerUrl":"file:/home/aswindia-23/.m2/repository/com/fasterxml/classmate/1.5.1/classmate-1.5.1-sources.jar","javadocContainerUrl":"file:/home/aswindia-23/.m2/repository/com/fasterxml/classmate/1.5.1/classmate-1.5.1-javadoc.jar","isSystem":false,"isOwn":false,"isTest":false,"isJavaContent":false},{"kind":"binary","path":"/home/aswindia-23/.m2/repository/org/springframework/spring-web/5.2.1.RELEASE/spring-web-5.2.1.RELEASE.jar","sourceContainerUrl":"file:/home/aswindia-23/.m2/repository/org/springframework/spring-web/5.2.1.RELEASE/spring-web-5.2.1.RELEASE-sources.jar","javadocContainerUrl":"file:/home/aswindia-23/.m2/repository/org/springframework/spring-web/5.2.1.RELEASE/spring-web-5.2.1.RELEASE-javadoc.jar","isSystem":false,"isOwn":false,"isTest":false,"isJavaContent":false},{"kind":"binary","path":"/home/aswindia-23/.m2/repository/org/springframework/spring-beans/5.2.1.RELEASE/spring-beans-5.2.1.RELEASE.jar","sourceContainerUrl":"file:/home/aswindia-23/.m2/repository/org/springframework/spring-beans/5.2.1.RELEASE/spring-beans-5.2.1.RELEASE-sources.jar","javadocContainerUrl":"file:/home/aswindia-23/.m2/repository/org/springframework/spring-beans/5.2.1.RELEASE/spring-beans-5.2.1.RELEASE-javadoc.jar","isSystem":false,"isOwn":false,"isTest":false,"isJavaContent":false},{"kind":"binary","path":"/home/aswindia-23/.m2/repository/org/springframework/spring-webmvc/5.2.1.RELEASE/spring-webmvc-5.2.1.RELEASE.jar","sourceContainerUrl":"file:/home/aswindia-23/.m2/repository/org/springframework/spring-webmvc/5.2.1.RELEASE/spring-webmvc-5.2.1.RELEASE-sources.jar","javadocContainerUrl":"file:/home/aswindia-23/.m2/repository/org/springframework/spring-webmvc/5.2.1.RELEASE/spring-webmvc-5.2.1.RELEASE-javadoc.jar","isSystem":false,"isOwn":false,"isTest":false,"isJavaContent":false},{"kind":"binary","path":"/home/aswindia-23/.m2/repository/org/springframework/spring-aop/5.2.1.RELEASE/spring-aop-5.2.1.RELEASE.jar","sourceContainerUrl":"file:/home/aswindia-23/.m2/repository/org/springframework/spring-aop/5.2.1.RELEASE/spring-aop-5.2.1.RELEASE-sources.jar","javadocContainerUrl":"file:/home/aswindia-23/.m2/repository/org/springframework/spring-aop/5.2.1.RELEASE/spring-aop-5.2.1.RELEASE-javadoc.jar","isSystem":false,"isOwn":false,"isTest":false,"isJavaContent":false},{"kind":"binary","path":"/home/aswindia-23/.m2/repository/org/springframework/spring-context/5.2.1.RELEASE/spring-context-5.2.1.RELEASE.jar","sourceContainerUrl":"file:/home/aswindia-23/.m2/repository/org/springframework/spring-context/5.2.1.RELEASE/spring-context-5.2.1.RELEASE-sources.jar","javadocContainerUrl":"file:/home/aswindia-23/.m2/repository/org/springframework/spring-context/5.2.1.RELEASE/spring-context-5.2.1.RELEASE-javadoc.jar","isSystem":false,"isOwn":false,"isTest":false,"isJavaContent":false},{"kind":"binary","path":"/home/aswindia-23/.m2/repository/org/springframework/spring-expression/5.2.1.RELEASE/spring-expression-5.2.1.RELEASE.jar","sourceContainerUrl":"file:/home/aswindia-23/.m2/repository/org/springframework/spring-expression/5.2.1.RELEASE/spring-expression-5.2.1.RELEASE-sources.jar","javadocContainerUrl":"file:/home/aswindia-23/.m2/repository/org/springframework/spring-expression/5.2.1.RELEASE/spring-expression-5.2.1.RELEASE-javadoc.jar","isSystem":false,"isOwn":false,"isTest":false,"isJavaContent":false},{"kind":"binary","path":"/home/aswindia-23/.m2/repository/org/apache/httpcomponents/httpclient/4.5/httpclient-4.5.jar","sourceContainerUrl":"file:/home/aswindia-23/.m2/repository/org/apache/httpcomponents/httpclient/4.5/httpclient-4.5-sources.jar","javadocContainerUrl":"file:/home/aswindia-23/.m2/repository/org/apache/httpcomponents/httpclient/4.5/httpclient-4.5-javadoc.jar","isSystem":false,"isOwn":false,"isTest":false,"isJavaContent":false},{"kind":"binary","path":"/home/aswindia-23/.m2/repository/org/apache/httpcomponents/httpcore/4.4.12/httpcore-4.4.12.jar","sourceContainerUrl":"file:/home/aswindia-23/.m2/repository/org/apache/httpcomponents/httpcore/4.4.12/httpcore-4.4.12-sources.jar","javadocContainerUrl":"file:/home/aswindia-23/.m2/repository/org/apache/httpcomponents/httpcore/4.4.12/httpcore-4.4.12-javadoc.jar","isSystem":false,"isOwn":false,"isTest":false,"isJavaContent":false},{"kind":"binary","path":"/home/aswindia-23/.m2/repository/commons-codec/commons-codec/1.13/commons-codec-1.13.jar","sourceContainerUrl":"file:/home/aswindia-23/.m2/repository/commons-codec/commons-codec/1.13/commons-codec-1.13-sources.jar","javadocContainerUrl":"file:/home/aswindia-23/.m2/repository/commons-codec/commons-codec/1.13/commons-codec-1.13-javadoc.jar","isSystem":false,"isOwn":false,"isTest":false,"isJavaContent":false},{"kind":"binary","path":"/home/aswindia-23/.m2/repository/org/springframework/boot/spring-boot-starter-test/2.2.1.RELEASE/spring-boot-starter-test-2.2.1.RELEASE.jar","sourceContainerUrl":"file:/home/aswindia-23/.m2/repository/org/springframework/boot/spring-boot-starter-test/2.2.1.RELEASE/spring-boot-starter-test-2.2.1.RELEASE-sources.jar","isSystem":false,"isOwn":false,"isTest":false,"isJavaContent":false},{"kind":"binary","path":"/home/aswindia-23/.m2/repository/org/springframework/boot/spring-boot-test/2.2.1.RELEASE/spring-boot-test-2.2.1.RELEASE.jar","sourceContainerUrl":"file:/home/aswindia-23/.m2/repository/org/springframework/boot/spring-boot-test/2.2.1.RELEASE/spring-boot-test-2.2.1.RELEASE-sources.jar","javadocContainerUrl":"file:/home/aswindia-23/.m2/repository/org/springframework/boot/spring-boot-test/2.2.1.RELEASE/spring-boot-test-2.2.1.RELEASE-javadoc.jar","isSystem":false,"isOwn":false,"isTest":false,"isJavaContent":false},{"kind":"binary","path":"/home/aswindia-23/.m2/repository/org/springframework/boot/spring-boot-test-autoconfigure/2.2.1.RELEASE/spring-boot-test-autoconfigure-2.2.1.RELEASE.jar","sourceContainerUrl":"file:/home/aswindia-23/.m2/repository/org/springframework/boot/spring-boot-test-autoconfigure/2.2.1.RELEASE/spring-boot-test-autoconfigure-2.2.1.RELEASE-sources.jar","javadocContainerUrl":"file:/home/aswindia-23/.m2/repository/org/springframework/boot/spring-boot-test-autoconfigure/2.2.1.RELEASE/spring-boot-test-autoconfigure-2.2.1.RELEASE-javadoc.jar","isSystem":false,"isOwn":false,"isTest":false,"isJavaContent":false},{"kind":"binary","path":"/home/aswindia-23/.m2/repository/com/jayway/jsonpath/json-path/2.4.0/json-path-2.4.0.jar","sourceContainerUrl":"file:/home/aswindia-23/.m2/repository/com/jayway/jsonpath/json-path/2.4.0/json-path-2.4.0-sources.jar","javadocContainerUrl":"file:/home/aswindia-23/.m2/repository/com/jayway/jsonpath/json-path/2.4.0/json-path-2.4.0-javadoc.jar","isSystem":false,"isOwn":false,"isTest":false,"isJavaContent":false},{"kind":"binary","path":"/home/aswindia-23/.m2/repository/net/minidev/json-smart/2.3/json-smart-2.3.jar","sourceContainerUrl":"file:/home/aswindia-23/.m2/repository/net/minidev/json-smart/2.3/json-smart-2.3-sources.jar","javadocContainerUrl":"file:/home/aswindia-23/.m2/repository/net/minidev/json-smart/2.3/json-smart-2.3-javadoc.jar","isSystem":false,"isOwn":false,"isTest":false,"isJavaContent":false},{"kind":"binary","path":"/home/aswindia-23/.m2/repository/net/minidev/accessors-smart/1.2/accessors-smart-1.2.jar","sourceContainerUrl":"file:/home/aswindia-23/.m2/repository/net/minidev/accessors-smart/1.2/accessors-smart-1.2-sources.jar","javadocContainerUrl":"file:/home/aswindia-23/.m2/repository/net/minidev/accessors-smart/1.2/accessors-smart-1.2-javadoc.jar","isSystem":false,"isOwn":false,"isTest":false,"isJavaContent":false},{"kind":"binary","path":"/home/aswindia-23/.m2/repository/org/ow2/asm/asm/5.0.4/asm-5.0.4.jar","sourceContainerUrl":"file:/home/aswindia-23/.m2/repository/org/ow2/asm/asm/5.0.4/asm-5.0.4-sources.jar","javadocContainerUrl":"file:/home/aswindia-23/.m2/repository/org/ow2/asm/asm/5.0.4/asm-5.0.4-javadoc.jar","isSystem":false,"isOwn":false,"isTest":false,"isJavaContent":false},{"kind":"binary","path":"/home/aswindia-23/.m2/repository/org/slf4j/slf4j-api/1.7.29/slf4j-api-1.7.29.jar","sourceContainerUrl":"file:/home/aswindia-23/.m2/repository/org/slf4j/slf4j-api/1.7.29/slf4j-api-1.7.29-sources.jar","javadocContainerUrl":"file:/home/aswindia-23/.m2/repository/org/slf4j/slf4j-api/1.7.29/slf4j-api-1.7.29-javadoc.jar","isSystem":false,"isOwn":false,"isTest":false,"isJavaContent":false},{"kind":"binary","path":"/home/aswindia-23/.m2/repository/jakarta/xml/bind/jakarta.xml.bind-api/2.3.2/jakarta.xml.bind-api-2.3.2.jar","sourceContainerUrl":"file:/home/aswindia-23/.m2/repository/jakarta/xml/bind/jakarta.xml.bind-api/2.3.2/jakarta.xml.bind-api-2.3.2-sources.jar","javadocContainerUrl":"file:/home/aswindia-23/.m2/repository/jakarta/xml/bind/jakarta.xml.bind-api/2.3.2/jakarta.xml.bind-api-2.3.2-javadoc.jar","isSystem":false,"isOwn":false,"isTest":false,"isJavaContent":false},{"kind":"binary","path":"/home/aswindia-23/.m2/repository/jakarta/activation/jakarta.activation-api/1.2.1/jakarta.activation-api-1.2.1.jar","sourceContainerUrl":"file:/home/aswindia-23/.m2/repository/jakarta/activation/jakarta.activation-api/1.2.1/jakarta.activation-api-1.2.1-sources.jar","javadocContainerUrl":"file:/home/aswindia-23/.m2/repository/jakarta/activation/jakarta.activation-api/1.2.1/jakarta.activation-api-1.2.1-javadoc.jar","isSystem":false,"isOwn":false,"isTest":false,"isJavaContent":false},{"kind":"binary","path":"/home/aswindia-23/.m2/repository/org/junit/jupiter/junit-jupiter/5.5.2/junit-jupiter-5.5.2.jar","sourceContainerUrl":"file:/home/aswindia-23/.m2/repository/org/junit/jupiter/junit-jupiter/5.5.2/junit-jupiter-5.5.2-sources.jar","javadocContainerUrl":"file:/home/aswindia-23/.m2/repository/org/junit/jupiter/junit-jupiter/5.5.2/junit-jupiter-5.5.2-javadoc.jar","isSystem":false,"isOwn":false,"isTest":false,"isJavaContent":false},{"kind":"binary","path":"/home/aswindia-23/.m2/repository/org/junit/jupiter/junit-jupiter-api/5.5.2/junit-jupiter-api-5.5.2.jar","sourceContainerUrl":"file:/home/aswindia-23/.m2/repository/org/junit/jupiter/junit-jupiter-api/5.5.2/junit-jupiter-api-5.5.2-sources.jar","javadocContainerUrl":"file:/home/aswindia-23/.m2/repository/org/junit/jupiter/junit-jupiter-api/5.5.2/junit-jupiter-api-5.5.2-javadoc.jar","isSystem":false,"isOwn":false,"isTest":false,"isJavaContent":false},{"kind":"binary","path":"/home/aswindia-23/.m2/repository/org/apiguardian/apiguardian-api/1.1.0/apiguardian-api-1.1.0.jar","sourceContainerUrl":"file:/home/aswindia-23/.m2/repository/org/apiguardian/apiguardian-api/1.1.0/apiguardian-api-1.1.0-sources.jar","javadocContainerUrl":"file:/home/aswindia-23/.m2/repository/org/apiguardian/apiguardian-api/1.1.0/apiguardian-api-1.1.0-javadoc.jar","isSystem":false,"isOwn":false,"isTest":false,"isJavaContent":false},{"kind":"binary","path":"/home/aswindia-23/.m2/repository/org/opentest4j/opentest4j/1.2.0/opentest4j-1.2.0.jar","sourceContainerUrl":"file:/home/aswindia-23/.m2/repository/org/opentest4j/opentest4j/1.2.0/opentest4j-1.2.0-sources.jar","javadocContainerUrl":"file:/home/aswindia-23/.m2/repository/org/opentest4j/opentest4j/1.2.0/opentest4j-1.2.0-javadoc.jar","isSystem":false,"isOwn":false,"isTest":false,"isJavaContent":false},{"kind":"binary","path":"/home/aswindia-23/.m2/repository/org/junit/platform/junit-platform-commons/1.5.2/junit-platform-commons-1.5.2.jar","sourceContainerUrl":"file:/home/aswindia-23/.m2/repository/org/junit/platform/junit-platform-commons/1.5.2/junit-platform-commons-1.5.2-sources.jar","javadocContainerUrl":"file:/home/aswindia-23/.m2/repository/org/junit/platform/junit-platform-commons/1.5.2/junit-platform-commons-1.5.2-javadoc.jar","isSystem":false,"isOwn":false,"isTest":false,"isJavaContent":false},{"kind":"binary","path":"/home/aswindia-23/.m2/repository/org/junit/jupiter/junit-jupiter-params/5.5.2/junit-jupiter-params-5.5.2.jar","sourceContainerUrl":"file:/home/aswindia-23/.m2/repository/org/junit/jupiter/junit-jupiter-params/5.5.2/junit-jupiter-params-5.5.2-sources.jar","javadocContainerUrl":"file:/home/aswindia-23/.m2/repository/org/junit/jupiter/junit-jupiter-params/5.5.2/junit-jupiter-params-5.5.2-javadoc.jar","isSystem":false,"isOwn":false,"isTest":false,"isJavaContent":false},{"kind":"binary","path":"/home/aswindia-23/.m2/repository/org/junit/jupiter/junit-jupiter-engine/5.5.2/junit-jupiter-engine-5.5.2.jar","sourceContainerUrl":"file:/home/aswindia-23/.m2/repository/org/junit/jupiter/junit-jupiter-engine/5.5.2/junit-jupiter-engine-5.5.2-sources.jar","javadocContainerUrl":"file:/home/aswindia-23/.m2/repository/org/junit/jupiter/junit-jupiter-engine/5.5.2/junit-jupiter-engine-5.5.2-javadoc.jar","isSystem":false,"isOwn":false,"isTest":false,"isJavaContent":false},{"kind":"binary","path":"/home/aswindia-23/.m2/repository/org/junit/platform/junit-platform-engine/1.5.2/junit-platform-engine-1.5.2.jar","sourceContainerUrl":"file:/home/aswindia-23/.m2/repository/org/junit/platform/junit-platform-engine/1.5.2/junit-platform-engine-1.5.2-sources.jar","javadocContainerUrl":"file:/home/aswindia-23/.m2/repository/org/junit/platform/junit-platform-engine/1.5.2/junit-platform-engine-1.5.2-javadoc.jar","isSystem":false,"isOwn":false,"isTest":false,"isJavaContent":false},{"kind":"binary","path":"/home/aswindia-23/.m2/repository/org/mockito/mockito-junit-jupiter/3.1.0/mockito-junit-jupiter-3.1.0.jar","sourceContainerUrl":"file:/home/aswindia-23/.m2/repository/org/mockito/mockito-junit-jupiter/3.1.0/mockito-junit-jupiter-3.1.0-sources.jar","javadocContainerUrl":"file:/home/aswindia-23/.m2/repository/org/mockito/mockito-junit-jupiter/3.1.0/mockito-junit-jupiter-3.1.0-javadoc.jar","isSystem":false,"isOwn":false,"isTest":false,"isJavaContent":false},{"kind":"binary","path":"/home/aswindia-23/.m2/repository/org/assertj/assertj-core/3.13.2/assertj-core-3.13.2.jar","sourceContainerUrl":"file:/home/aswindia-23/.m2/repository/org/assertj/assertj-core/3.13.2/assertj-core-3.13.2-sources.jar","javadocContainerUrl":"file:/home/aswindia-23/.m2/repository/org/assertj/assertj-core/3.13.2/assertj-core-3.13.2-javadoc.jar","isSystem":false,"isOwn":false,"isTest":false,"isJavaContent":false},{"kind":"binary","path":"/home/aswindia-23/.m2/repository/org/hamcrest/hamcrest/2.1/hamcrest-2.1.jar","sourceContainerUrl":"file:/home/aswindia-23/.m2/repository/org/hamcrest/hamcrest/2.1/hamcrest-2.1-sources.jar","javadocContainerUrl":"file:/home/aswindia-23/.m2/repository/org/hamcrest/hamcrest/2.1/hamcrest-2.1-javadoc.jar","isSystem":false,"isOwn":false,"isTest":false,"isJavaContent":false},{"kind":"binary","path":"/home/aswindia-23/.m2/repository/org/mockito/mockito-core/3.1.0/mockito-core-3.1.0.jar","sourceContainerUrl":"file:/home/aswindia-23/.m2/repository/org/mockito/mockito-core/3.1.0/mockito-core-3.1.0-sources.jar","javadocContainerUrl":"file:/home/aswindia-23/.m2/repository/org/mockito/mockito-core/3.1.0/mockito-core-3.1.0-javadoc.jar","isSystem":false,"isOwn":false,"isTest":false,"isJavaContent":false},{"kind":"binary","path":"/home/aswindia-23/.m2/repository/net/bytebuddy/byte-buddy/1.10.2/byte-buddy-1.10.2.jar","sourceContainerUrl":"file:/home/aswindia-23/.m2/repository/net/bytebuddy/byte-buddy/1.10.2/byte-buddy-1.10.2-sources.jar","javadocContainerUrl":"file:/home/aswindia-23/.m2/repository/net/bytebuddy/byte-buddy/1.10.2/byte-buddy-1.10.2-javadoc.jar","isSystem":false,"isOwn":false,"isTest":false,"isJavaContent":false},{"kind":"binary","path":"/home/aswindia-23/.m2/repository/net/bytebuddy/byte-buddy-agent/1.10.2/byte-buddy-agent-1.10.2.jar","sourceContainerUrl":"file:/home/aswindia-23/.m2/repository/net/bytebuddy/byte-buddy-agent/1.10.2/byte-buddy-agent-1.10.2-sources.jar","javadocContainerUrl":"file:/home/aswindia-23/.m2/repository/net/bytebuddy/byte-buddy-agent/1.10.2/byte-buddy-agent-1.10.2-javadoc.jar","isSystem":false,"isOwn":false,"isTest":false,"isJavaContent":false},{"kind":"binary","path":"/home/aswindia-23/.m2/repository/org/objenesis/objenesis/2.6/objenesis-2.6.jar","sourceContainerUrl":"file:/home/aswindia-23/.m2/repository/org/objenesis/objenesis/2.6/objenesis-2.6-sources.jar","javadocContainerUrl":"file:/home/aswindia-23/.m2/repository/org/objenesis/objenesis/2.6/objenesis-2.6-javadoc.jar","isSystem":false,"isOwn":false,"isTest":false,"isJavaContent":false},{"kind":"binary","path":"/home/aswindia-23/.m2/repository/org/skyscreamer/jsonassert/1.5.0/jsonassert-1.5.0.jar","sourceContainerUrl":"file:/home/aswindia-23/.m2/repository/org/skyscreamer/jsonassert/1.5.0/jsonassert-1.5.0-sources.jar","javadocContainerUrl":"file:/home/aswindia-23/.m2/repository/org/skyscreamer/jsonassert/1.5.0/jsonassert-1.5.0-javadoc.jar","isSystem":false,"isOwn":false,"isTest":false,"isJavaContent":false},{"kind":"binary","path":"/home/aswindia-23/.m2/repository/com/vaadin/external/google/android-json/0.0.20131108.vaadin1/android-json-0.0.20131108.vaadin1.jar","sourceContainerUrl":"file:/home/aswindia-23/.m2/repository/com/vaadin/external/google/android-json/0.0.20131108.vaadin1/android-json-0.0.20131108.vaadin1-sources.jar","javadocContainerUrl":"file:/home/aswindia-23/.m2/repository/com/vaadin/external/google/android-json/0.0.20131108.vaadin1/android-json-0.0.20131108.vaadin1-javadoc.jar","isSystem":false,"isOwn":false,"isTest":false,"isJavaContent":false},{"kind":"binary","path":"/home/aswindia-23/.m2/repository/org/springframework/spring-core/5.2.1.RELEASE/spring-core-5.2.1.RELEASE.jar","sourceContainerUrl":"file:/home/aswindia-23/.m2/repository/org/springframework/spring-core/5.2.1.RELEASE/spring-core-5.2.1.RELEASE-sources.jar","javadocContainerUrl":"file:/home/aswindia-23/.m2/repository/org/springframework/spring-core/5.2.1.RELEASE/spring-core-5.2.1.RELEASE-javadoc.jar","isSystem":false,"isOwn":false,"isTest":false,"isJavaContent":false},{"kind":"binary","path":"/home/aswindia-23/.m2/repository/org/springframework/spring-jcl/5.2.1.RELEASE/spring-jcl-5.2.1.RELEASE.jar","sourceContainerUrl":"file:/home/aswindia-23/.m2/repository/org/springframework/spring-jcl/5.2.1.RELEASE/spring-jcl-5.2.1.RELEASE-sources.jar","javadocContainerUrl":"file:/home/aswindia-23/.m2/repository/org/springframework/spring-jcl/5.2.1.RELEASE/spring-jcl-5.2.1.RELEASE-javadoc.jar","isSystem":false,"isOwn":false,"isTest":false,"isJavaContent":false},{"kind":"binary","path":"/home/aswindia-23/.m2/repository/org/springframework/spring-test/5.2.1.RELEASE/spring-test-5.2.1.RELEASE.jar","sourceContainerUrl":"file:/home/aswindia-23/.m2/repository/org/springframework/spring-test/5.2.1.RELEASE/spring-test-5.2.1.RELEASE-sources.jar","javadocContainerUrl":"file:/home/aswindia-23/.m2/repository/org/springframework/spring-test/5.2.1.RELEASE/spring-test-5.2.1.RELEASE-javadoc.jar","isSystem":false,"isOwn":false,"isTest":false,"isJavaContent":false},{"kind":"binary","path":"/home/aswindia-23/.m2/repository/org/xmlunit/xmlunit-core/2.6.3/xmlunit-core-2.6.3.jar","sourceContainerUrl":"file:/home/aswindia-23/.m2/repository/org/xmlunit/xmlunit-core/2.6.3/xmlunit-core-2.6.3-sources.jar","javadocContainerUrl":"file:/home/aswindia-23/.m2/repository/org/xmlunit/xmlunit-core/2.6.3/xmlunit-core-2.6.3-javadoc.jar","isSystem":false,"isOwn":false,"isTest":false,"isJavaContent":false},{"kind":"source","path":"/home/aswindia-23/Desktop/solitx-space-830/SSLServiceOne/src/main/java","outputFolder":"/home/aswindia-23/Desktop/solitx-space-830/SSLServiceOne/target/classes","javadocContainerUrl":"file:/home/aswindia-23/Desktop/solitx-space-830/SSLServiceOne/target/site/apidocs","isSystem":false,"isOwn":true,"isTest":false,"isJavaContent":true},{"kind":"source","path":"/home/aswindia-23/Desktop/solitx-space-830/SSLServiceOne/src/test/java","outputFolder":"/home/aswindia-23/Desktop/solitx-space-830/SSLServiceOne/target/test-classes","javadocContainerUrl":"file:/home/aswindia-23/Desktop/solitx-space-830/SSLServiceOne/target/site/apidocs","isSystem":false,"isOwn":true,"isTest":true,"isJavaContent":true},{"kind":"source","path":"/home/aswindia-23/Desktop/solitx-space-830/SSLServiceOne/src/main/resources","outputFolder":"/home/aswindia-23/Desktop/solitx-space-830/SSLServiceOne/target/classes","isSystem":false,"isOwn":true,"isTest":false,"isJavaContent":false},{"kind":"source","path":"/home/aswindia-23/Desktop/solitx-space-830/SSLServiceOne/src/test/resources","outputFolder":"/home/aswindia-23/Desktop/solitx-space-830/SSLServiceOne/target/test-classes","isSystem":false,"isOwn":true,"isTest":true,"isJavaContent":false},{"kind":"source","path":"/home/aswindia-23/Desktop/solitx-space-830/SSLServiceOne/src/test/java","outputFolder":"/home/aswindia-23/Desktop/solitx-space-830/SSLServiceOne/target/test-classes","javadocContainerUrl":"file:/home/aswindia-23/Desktop/solitx-space-830/SSLServiceOne/target/site/apidocs","isSystem":false,"isOwn":true,"isTest":false,"isJavaContent":false}]}